ID,Type,Message,Performed By,Occurred At
183461990,story_update_activity,s1a1d1f1 unestimated this feature,s1a1d1f1,2022-10-20T03:55:45Z
183461990,story_move_activity,s1a1d1f1 moved this story before 'Copy of - Remove question from survey',s1a1d1f1,2022-10-20T03:55:39Z
183587037,story_move_activity,s1a1d1f1 moved this story before 'Copy of - Remove memeber from team manually',s1a1d1f1,2022-10-20T03:55:38Z
183587040,story_move_activity,s1a1d1f1 moved this story before 'Copy of - Adding student into the class',s1a1d1f1,2022-10-20T03:55:34Z
183587039,story_move_activity,s1a1d1f1 moved this story before 'Copy of - Adding student into the class',s1a1d1f1,2022-10-20T03:55:32Z
183587033,story_move_activity,s1a1d1f1 moved this story before 'Copy of - Fill up Survey',s1a1d1f1,2022-10-20T03:55:26Z
183587032,story_move_activity,s1a1d1f1 moved this story before 'Copy of - Fill up Survey',s1a1d1f1,2022-10-20T03:55:25Z
183587031,story_move_activity,s1a1d1f1 moved this story before 'Copy of - Fill up Survey',s1a1d1f1,2022-10-20T03:55:23Z
183587030,story_move_activity,s1a1d1f1 moved this story before 'Copy of - Fill up Survey',s1a1d1f1,2022-10-20T03:55:21Z
183587029,story_move_activity,s1a1d1f1 moved this story before 'Copy of - Fill up Survey',s1a1d1f1,2022-10-20T03:55:19Z
183587040,story_create_activity,s1a1d1f1 added this feature,s1a1d1f1,2022-10-20T03:55:14Z
183587039,story_create_activity,s1a1d1f1 added this feature,s1a1d1f1,2022-10-20T03:55:12Z
183587038,story_create_activity,s1a1d1f1 added this feature,s1a1d1f1,2022-10-20T03:55:09Z
183587037,story_create_activity,s1a1d1f1 added this feature,s1a1d1f1,2022-10-20T03:55:05Z
183587035,story_create_activity,s1a1d1f1 added this feature,s1a1d1f1,2022-10-20T03:54:57Z
183587034,story_create_activity,s1a1d1f1 added this feature,s1a1d1f1,2022-10-20T03:54:55Z
183587033,story_create_activity,s1a1d1f1 added this feature,s1a1d1f1,2022-10-20T03:54:51Z
183587032,story_create_activity,s1a1d1f1 added this feature,s1a1d1f1,2022-10-20T03:54:49Z
183587031,story_create_activity,s1a1d1f1 added this feature,s1a1d1f1,2022-10-20T03:54:46Z
183587030,story_create_activity,s1a1d1f1 added this feature,s1a1d1f1,2022-10-20T03:54:43Z
183587029,story_create_activity,s1a1d1f1 added this feature,s1a1d1f1,2022-10-20T03:54:38Z
183586698,story_move_activity,s1a1d1f1 moved 10 stories,s1a1d1f1,2022-10-20T03:54:05Z
183437229,story_move_activity,s1a1d1f1 moved 10 stories,s1a1d1f1,2022-10-20T03:54:05Z
183437243,story_move_activity,s1a1d1f1 moved 10 stories,s1a1d1f1,2022-10-20T03:54:05Z
183586730,story_move_activity,s1a1d1f1 moved 10 stories,s1a1d1f1,2022-10-20T03:54:05Z
183586750,story_move_activity,s1a1d1f1 moved 10 stories,s1a1d1f1,2022-10-20T03:54:05Z
183467560,story_move_activity,s1a1d1f1 moved 10 stories,s1a1d1f1,2022-10-20T03:54:05Z
183586675,story_move_activity,s1a1d1f1 moved 10 stories,s1a1d1f1,2022-10-20T03:54:05Z
183586757,story_move_activity,s1a1d1f1 moved 10 stories,s1a1d1f1,2022-10-20T03:54:05Z
183586768,story_move_activity,s1a1d1f1 moved 10 stories,s1a1d1f1,2022-10-20T03:54:05Z
183586776,story_move_activity,s1a1d1f1 moved 10 stories,s1a1d1f1,2022-10-20T03:54:05Z
183586698,story_move_activity,s1a1d1f1 moved and scheduled this story before 'Adding student into the class',s1a1d1f1,2022-10-20T03:53:36Z
183586698,story_move_activity,s1a1d1f1 moved this story before 'Result Receiving',s1a1d1f1,2022-10-20T03:53:31Z
183586698,story_move_activity,s1a1d1f1 moved and scheduled 11 stories to the Backlog,s1a1d1f1,2022-10-20T03:53:27Z
183437229,story_move_activity,s1a1d1f1 moved and scheduled 11 stories to the Backlog,s1a1d1f1,2022-10-20T03:53:27Z
183437243,story_move_activity,s1a1d1f1 moved and scheduled 11 stories to the Backlog,s1a1d1f1,2022-10-20T03:53:27Z
183586730,story_move_activity,s1a1d1f1 moved and scheduled 11 stories to the Backlog,s1a1d1f1,2022-10-20T03:53:27Z
183586750,story_move_activity,s1a1d1f1 moved and scheduled 11 stories to the Backlog,s1a1d1f1,2022-10-20T03:53:27Z
183467560,story_move_activity,s1a1d1f1 moved and scheduled 11 stories to the Backlog,s1a1d1f1,2022-10-20T03:53:27Z
183586675,story_move_activity,s1a1d1f1 moved and scheduled 11 stories to the Backlog,s1a1d1f1,2022-10-20T03:53:27Z
183586757,story_move_activity,s1a1d1f1 moved and scheduled 11 stories to the Backlog,s1a1d1f1,2022-10-20T03:53:27Z
183586768,story_move_activity,s1a1d1f1 moved and scheduled 11 stories to the Backlog,s1a1d1f1,2022-10-20T03:53:27Z
183586776,story_move_activity,s1a1d1f1 moved and scheduled 11 stories to the Backlog,s1a1d1f1,2022-10-20T03:53:27Z
183366568,story_move_activity,s1a1d1f1 moved and scheduled 11 stories to the Backlog,s1a1d1f1,2022-10-20T03:53:27Z
183586698,story_move_activity,s1a1d1f1 moved 11 stories to the Icebox,s1a1d1f1,2022-10-20T03:53:24Z
183437229,story_move_activity,s1a1d1f1 moved 11 stories to the Icebox,s1a1d1f1,2022-10-20T03:53:24Z
183437243,story_move_activity,s1a1d1f1 moved 11 stories to the Icebox,s1a1d1f1,2022-10-20T03:53:24Z
183586730,story_move_activity,s1a1d1f1 moved 11 stories to the Icebox,s1a1d1f1,2022-10-20T03:53:24Z
183586750,story_move_activity,s1a1d1f1 moved 11 stories to the Icebox,s1a1d1f1,2022-10-20T03:53:24Z
183467560,story_move_activity,s1a1d1f1 moved 11 stories to the Icebox,s1a1d1f1,2022-10-20T03:53:24Z
183586675,story_move_activity,s1a1d1f1 moved 11 stories to the Icebox,s1a1d1f1,2022-10-20T03:53:24Z
183586757,story_move_activity,s1a1d1f1 moved 11 stories to the Icebox,s1a1d1f1,2022-10-20T03:53:24Z
183586768,story_move_activity,s1a1d1f1 moved 11 stories to the Icebox,s1a1d1f1,2022-10-20T03:53:24Z
183586776,story_move_activity,s1a1d1f1 moved 11 stories to the Icebox,s1a1d1f1,2022-10-20T03:53:24Z
183366568,story_move_activity,s1a1d1f1 moved 11 stories to the Icebox,s1a1d1f1,2022-10-20T03:53:24Z
183586698,story_move_activity,s1a1d1f1 moved and scheduled 11 stories to the Backlog,s1a1d1f1,2022-10-20T03:53:19Z
183437229,story_move_activity,s1a1d1f1 moved and scheduled 11 stories to the Backlog,s1a1d1f1,2022-10-20T03:53:19Z
183437243,story_move_activity,s1a1d1f1 moved and scheduled 11 stories to the Backlog,s1a1d1f1,2022-10-20T03:53:19Z
183586730,story_move_activity,s1a1d1f1 moved and scheduled 11 stories to the Backlog,s1a1d1f1,2022-10-20T03:53:19Z
183586750,story_move_activity,s1a1d1f1 moved and scheduled 11 stories to the Backlog,s1a1d1f1,2022-10-20T03:53:19Z
183467560,story_move_activity,s1a1d1f1 moved and scheduled 11 stories to the Backlog,s1a1d1f1,2022-10-20T03:53:19Z
183586675,story_move_activity,s1a1d1f1 moved and scheduled 11 stories to the Backlog,s1a1d1f1,2022-10-20T03:53:19Z
183586757,story_move_activity,s1a1d1f1 moved and scheduled 11 stories to the Backlog,s1a1d1f1,2022-10-20T03:53:19Z
183586768,story_move_activity,s1a1d1f1 moved and scheduled 11 stories to the Backlog,s1a1d1f1,2022-10-20T03:53:19Z
183586776,story_move_activity,s1a1d1f1 moved and scheduled 11 stories to the Backlog,s1a1d1f1,2022-10-20T03:53:19Z
183366568,story_move_activity,s1a1d1f1 moved and scheduled 11 stories to the Backlog,s1a1d1f1,2022-10-20T03:53:19Z
183586698,story_move_activity,s1a1d1f1 moved 11 stories to the Icebox,s1a1d1f1,2022-10-20T03:53:03Z
183437229,story_move_activity,s1a1d1f1 moved 11 stories to the Icebox,s1a1d1f1,2022-10-20T03:53:03Z
183437243,story_move_activity,s1a1d1f1 moved 11 stories to the Icebox,s1a1d1f1,2022-10-20T03:53:03Z
183586730,story_move_activity,s1a1d1f1 moved 11 stories to the Icebox,s1a1d1f1,2022-10-20T03:53:03Z
183586750,story_move_activity,s1a1d1f1 moved 11 stories to the Icebox,s1a1d1f1,2022-10-20T03:53:03Z
183467560,story_move_activity,s1a1d1f1 moved 11 stories to the Icebox,s1a1d1f1,2022-10-20T03:53:03Z
183586675,story_move_activity,s1a1d1f1 moved 11 stories to the Icebox,s1a1d1f1,2022-10-20T03:53:03Z
183586757,story_move_activity,s1a1d1f1 moved 11 stories to the Icebox,s1a1d1f1,2022-10-20T03:53:03Z
183586768,story_move_activity,s1a1d1f1 moved 11 stories to the Icebox,s1a1d1f1,2022-10-20T03:53:03Z
183586776,story_move_activity,s1a1d1f1 moved 11 stories to the Icebox,s1a1d1f1,2022-10-20T03:53:03Z
183366568,story_move_activity,s1a1d1f1 moved 11 stories to the Icebox,s1a1d1f1,2022-10-20T03:53:03Z
183586698,story_move_activity,s1a1d1f1 moved 11 stories,s1a1d1f1,2022-10-20T03:52:58Z
183437229,story_move_activity,s1a1d1f1 moved 11 stories,s1a1d1f1,2022-10-20T03:52:58Z
183437243,story_move_activity,s1a1d1f1 moved 11 stories,s1a1d1f1,2022-10-20T03:52:58Z
183586730,story_move_activity,s1a1d1f1 moved 11 stories,s1a1d1f1,2022-10-20T03:52:58Z
183586750,story_move_activity,s1a1d1f1 moved 11 stories,s1a1d1f1,2022-10-20T03:52:58Z
183467560,story_move_activity,s1a1d1f1 moved 11 stories,s1a1d1f1,2022-10-20T03:52:58Z
183586675,story_move_activity,s1a1d1f1 moved 11 stories,s1a1d1f1,2022-10-20T03:52:58Z
183586757,story_move_activity,s1a1d1f1 moved 11 stories,s1a1d1f1,2022-10-20T03:52:58Z
183586768,story_move_activity,s1a1d1f1 moved 11 stories,s1a1d1f1,2022-10-20T03:52:58Z
183586776,story_move_activity,s1a1d1f1 moved 11 stories,s1a1d1f1,2022-10-20T03:52:58Z
183366568,story_move_activity,s1a1d1f1 moved 11 stories,s1a1d1f1,2022-10-20T03:52:58Z
183586776,story_move_activity,s1a1d1f1 moved this story before 'Fill up Survey',s1a1d1f1,2022-10-20T03:37:24Z
183586776,story_move_activity,s1a1d1f1 moved this story before 'Remove memeber from team manually',s1a1d1f1,2022-10-20T03:19:23Z
183586776,story_create_activity,s1a1d1f1 added this feature,s1a1d1f1,2022-10-20T03:19:21Z
183586768,story_move_activity,s1a1d1f1 moved this story before 'Fill up Survey',s1a1d1f1,2022-10-20T03:16:20Z
183586768,story_create_activity,s1a1d1f1 added this feature,s1a1d1f1,2022-10-20T03:16:17Z
183586675,story_move_activity,s1a1d1f1 moved this story before 'Add member to team manually',s1a1d1f1,2022-10-20T03:13:23Z
183586757,story_move_activity,s1a1d1f1 moved this story before 'Remove question from survey',s1a1d1f1,2022-10-20T03:13:21Z
183586757,story_create_activity,s1a1d1f1 added this feature,s1a1d1f1,2022-10-20T03:13:18Z
183437229,comment_update_activity,s1a1d1f1 edited this comment,s1a1d1f1,2022-10-20T03:11:01Z
183366427,story_delete_activity,s1a1d1f1 deleted this feature,s1a1d1f1,2022-10-20T03:09:53Z
183586750,story_move_activity,s1a1d1f1 moved this story before 'Add question to survey',s1a1d1f1,2022-10-20T03:09:36Z
183586750,story_create_activity,s1a1d1f1 added this feature,s1a1d1f1,2022-10-20T03:09:30Z
183586730,task_delete_activity,s1a1d1f1 deleted a task on this story,s1a1d1f1,2022-10-20T03:09:07Z
183586730,task_create_activity,"s1a1d1f1 added task: ""Modify the database and the class to include team(all memebers) - 1 hour""",s1a1d1f1,2022-10-20T03:09:04Z
183586730,task_delete_activity,s1a1d1f1 deleted a task on this story,s1a1d1f1,2022-10-20T03:08:57Z
183586730,task_create_activity,"s1a1d1f1 added task: ""Create team class method of adding team(all memebers) - 0.5 hour""",s1a1d1f1,2022-10-20T03:08:21Z
183586675,task_update_activity,"s1a1d1f1 rewrote task: ""create survey class method of removing questions (all members) - 0.5hr""",s1a1d1f1,2022-10-20T03:07:06Z
183586675,comment_update_activity,s1a1d1f1 edited this comment,s1a1d1f1,2022-10-20T03:06:25Z
183586675,comment_update_activity,s1a1d1f1 edited this comment,s1a1d1f1,2022-10-20T03:06:07Z
183467560,story_move_activity,s1a1d1f1 moved this story before 'Remove question from survey',s1a1d1f1,2022-10-20T03:04:06Z
183586730,story_move_activity,s1a1d1f1 moved this story before 'Remove question from survey',s1a1d1f1,2022-10-20T03:04:00Z
183586730,story_update_activity,s1a1d1f1 estimated this feature as 2 points,s1a1d1f1,2022-10-20T03:03:58Z
183586675,story_move_activity,s1a1d1f1 moved this story before 'Add question to survey',s1a1d1f1,2022-10-20T03:03:49Z
183437243,story_move_activity,s1a1d1f1 moved this story before 'Add question to survey',s1a1d1f1,2022-10-20T03:03:44Z
183457378,story_delete_activity,s1a1d1f1 deleted 9 stories,s1a1d1f1,2022-10-20T03:03:35Z
183458847,story_delete_activity,s1a1d1f1 deleted 9 stories,s1a1d1f1,2022-10-20T03:03:35Z
183457396,story_delete_activity,s1a1d1f1 deleted 9 stories,s1a1d1f1,2022-10-20T03:03:35Z
183458944,story_delete_activity,s1a1d1f1 deleted 9 stories,s1a1d1f1,2022-10-20T03:03:35Z
183436796,story_delete_activity,s1a1d1f1 deleted 9 stories,s1a1d1f1,2022-10-20T03:03:35Z
183462015,story_delete_activity,s1a1d1f1 deleted 9 stories,s1a1d1f1,2022-10-20T03:03:35Z
183451432,story_delete_activity,s1a1d1f1 deleted 9 stories,s1a1d1f1,2022-10-20T03:03:35Z
183437250,story_delete_activity,s1a1d1f1 deleted 9 stories,s1a1d1f1,2022-10-20T03:03:35Z
183346636,story_delete_activity,s1a1d1f1 deleted 9 stories,s1a1d1f1,2022-10-20T03:03:35Z
183437243,story_move_activity,s1a1d1f1 moved this story before 'Remove question from survey',s1a1d1f1,2022-10-20T03:03:02Z
183467560,story_move_activity,s1a1d1f1 moved this story before 'Remove question from survey',s1a1d1f1,2022-10-20T03:03:01Z
183586675,story_move_activity,s1a1d1f1 moved this story before 'Create team manually',s1a1d1f1,2022-10-20T03:02:59Z
183586730,story_move_activity,s1a1d1f1 moved this story before 'Removing student from the class',s1a1d1f1,2022-10-20T03:02:57Z
183586675,story_move_activity,s1a1d1f1 moved this story before 'Create team manually',s1a1d1f1,2022-10-20T03:02:53Z
183586730,story_move_activity,s1a1d1f1 moved this story before 'Remove question from survey',s1a1d1f1,2022-10-20T03:02:51Z
183586730,story_create_activity,s1a1d1f1 added this feature,s1a1d1f1,2022-10-20T03:02:44Z
183467560,story_move_activity,s1a1d1f1 moved this story before 'Remove question from survey',s1a1d1f1,2022-10-20T02:57:13Z
183586675,story_move_activity,s1a1d1f1 moved this story before 'Add question to survey',s1a1d1f1,2022-10-20T02:57:11Z
183586698,story_create_activity,s1a1d1f1 added this feature,s1a1d1f1,2022-10-20T02:54:46Z
183467560,story_move_activity,s1a1d1f1 moved this story before 'Remove question from survey',s1a1d1f1,2022-10-20T02:51:03Z
183586675,story_move_activity,s1a1d1f1 moved this story before 'Group Customization',s1a1d1f1,2022-10-20T02:51:01Z
183467560,story_move_activity,s1a1d1f1 moved this story before 'Removing student from the class',s1a1d1f1,2022-10-20T02:50:58Z
183467560,story_update_activity,s1a1d1f1 edited this feature,s1a1d1f1,2022-10-20T02:50:04Z
183467560,story_update_activity,s1a1d1f1 edited this feature,s1a1d1f1,2022-10-20T02:50:00Z
183467560,story_move_activity,s1a1d1f1 moved this story before 'Remove question from survey',s1a1d1f1,2022-10-20T02:49:51Z
183586675,story_create_activity,s1a1d1f1 added this feature,s1a1d1f1,2022-10-20T02:49:46Z
183437229,comment_update_activity,s1a1d1f1 edited this comment,s1a1d1f1,2022-10-20T02:46:58Z
183437229,comment_update_activity,s1a1d1f1 edited this comment,s1a1d1f1,2022-10-20T02:46:11Z
183437229,task_update_activity,"s1a1d1f1 rewrote task: ""add the code that to genereate a student instance with user's customization (all members) - 1.0hr""",s1a1d1f1,2022-10-20T02:44:21Z
183437229,story_move_activity,s1a1d1f1 moved this story before 'Removing student from the class',s1a1d1f1,2022-10-20T02:39:20Z
183458992,story_delete_activity,s1a1d1f1 deleted 2 stories,s1a1d1f1,2022-10-20T02:38:44Z
183457176,story_delete_activity,s1a1d1f1 deleted 2 stories,s1a1d1f1,2022-10-20T02:38:44Z
183461990,story_move_activity,s1a1d1f1 moved this story after 'load a CSV file',s1a1d1f1,2022-10-20T02:38:30Z
183461990,story_move_activity,s1a1d1f1 moved this story before 'load a CSV file',s1a1d1f1,2022-10-20T02:38:23Z
183451859,story_delete_activity,s1a1d1f1 deleted this feature,s1a1d1f1,2022-10-20T02:38:07Z
183437250,story_update_activity,s1a1d1f1 estimated this feature as 2 points,s1a1d1f1,2022-10-20T02:37:36Z
183451432,story_update_activity,s1a1d1f1 estimated this feature as 2 points,s1a1d1f1,2022-10-20T02:37:34Z
183370589,story_delete_activity,s1a1d1f1 deleted this feature,s1a1d1f1,2022-10-20T02:37:29Z
183437249,story_delete_activity,s1a1d1f1 deleted this feature,s1a1d1f1,2022-10-20T02:37:23Z
183370590,story_delete_activity,s1a1d1f1 deleted this feature,s1a1d1f1,2022-10-20T02:36:45Z
183471475,story_delete_activity,s1a1d1f1 deleted 2 stories,s1a1d1f1,2022-10-20T02:35:52Z
183471465,story_delete_activity,s1a1d1f1 deleted 2 stories,s1a1d1f1,2022-10-20T02:35:52Z
183471475,story_update_activity,s1a1d1f1 rejected this feature,s1a1d1f1,2022-10-20T02:35:37Z
183471475,story_update_activity,s1a1d1f1 delivered this feature,s1a1d1f1,2022-10-20T02:35:34Z
183471475,story_update_activity,s1a1d1f1 finished this feature,s1a1d1f1,2022-10-20T02:35:33Z
183366427,story_move_activity,s1a1d1f1 moved this story before 'Fill up Survey',s1a1d1f1,2022-10-20T02:33:03Z
183467560,story_update_activity,s1a1d1f1 edited this feature,s1a1d1f1,2022-10-20T02:31:59Z
183467560,story_update_activity,s1a1d1f1 edited this feature,s1a1d1f1,2022-10-20T02:31:34Z
183467560,story_update_activity,s1a1d1f1 unstarted this feature,s1a1d1f1,2022-10-20T02:31:21Z
183471475,story_update_activity,Ruotong Wang started this feature,Ruotong Wang,2022-10-06T01:45:12Z
183471465,story_update_activity,Ruotong Wang edited this feature,Ruotong Wang,2022-10-06T01:45:11Z
183471475,comment_create_activity,"Ruotong Wang added comment: ""Given a page when students want to ask some thing about choosing group""",Ruotong Wang,2022-10-06T01:44:55Z
183471475,task_create_activity,"Ruotong Wang added task: ""Integrate everything and do testing""",Ruotong Wang,2022-10-06T01:40:33Z
183471475,task_create_activity,"Ruotong Wang added task: ""Write unit tests""",Ruotong Wang,2022-10-06T01:40:10Z
183471475,task_create_activity,"Ruotong Wang added task: ""Add the logic code to get the project information form UI and  add the project info into the table""",Ruotong Wang,2022-10-06T01:39:55Z
183471475,task_create_activity,"Ruotong Wang added task: ""Create the database and the project table""",Ruotong Wang,2022-10-06T01:38:40Z
183471475,task_create_activity,"Ruotong Wang added task: ""Create the add project UI page""",Ruotong Wang,2022-10-06T01:38:07Z
183471475,task_create_activity,"Ruotong Wang added task: ""Create the project class """,Ruotong Wang,2022-10-06T01:37:45Z
183471475,story_update_activity,Ruotong Wang edited this feature,Ruotong Wang,2022-10-06T01:37:08Z
183471475,story_update_activity,Ruotong Wang edited this feature,Ruotong Wang,2022-10-06T01:37:03Z
183471475,story_update_activity,Ruotong Wang estimated this feature as 1 point,Ruotong Wang,2022-10-06T01:35:27Z
183471475,story_update_activity,Ruotong Wang edited this feature,Ruotong Wang,2022-10-06T01:35:18Z
183471475,story_update_activity,Ruotong Wang edited this feature,Ruotong Wang,2022-10-06T01:35:17Z
183471475,story_update_activity,Ruotong Wang edited this feature,Ruotong Wang,2022-10-06T01:35:09Z
183471475,story_create_activity,Ruotong Wang added this feature,Ruotong Wang,2022-10-06T01:34:12Z
183471465,story_update_activity,Ruotong Wang edited this feature,Ruotong Wang,2022-10-06T01:33:30Z
183471465,story_update_activity,Ruotong Wang edited this feature,Ruotong Wang,2022-10-06T01:33:27Z
183471465,story_create_activity,Ruotong Wang added this feature,Ruotong Wang,2022-10-06T01:32:00Z
183467560,story_update_activity,Ruotong Wang edited this feature,Ruotong Wang,2022-10-06T01:13:44Z
183467560,story_update_activity,Ruotong Wang edited this feature,Ruotong Wang,2022-10-06T01:13:12Z
183467560,story_update_activity,Ruotong Wang started this feature,Ruotong Wang,2022-10-06T01:10:51Z
183467560,story_update_activity,Ruotong Wang edited this feature,Ruotong Wang,2022-10-06T01:10:34Z
183458944,story_move_activity,davidyin97 moved 4 stories to the Icebox,davidyin97,2022-10-05T20:24:40Z
183458992,story_move_activity,davidyin97 moved 4 stories to the Icebox,davidyin97,2022-10-05T20:24:40Z
183457176,story_move_activity,davidyin97 moved 4 stories to the Icebox,davidyin97,2022-10-05T20:24:40Z
183436796,story_move_activity,davidyin97 moved 4 stories to the Icebox,davidyin97,2022-10-05T20:24:40Z
183457378,story_move_activity,davidyin97 moved this story before 'Add multiple-choice question',davidyin97,2022-10-05T17:22:14Z
183458847,story_move_activity,davidyin97 moved this story before 'Add multiple-choice question',davidyin97,2022-10-05T17:22:14Z
183457396,story_move_activity,davidyin97 moved this story before 'Modification of Professor ',davidyin97,2022-10-05T17:22:13Z
183467560,story_move_activity,davidyin97 moved this story before 'Modification of Professor ',davidyin97,2022-10-05T17:22:12Z
183467560,comment_update_activity,davidyin97 edited this comment,davidyin97,2022-10-05T17:21:07Z
183457378,task_update_activity,"davidyin97 rewrote task: ""Write unit tests(all memebers) - 1 hour""",davidyin97,2022-10-05T17:19:51Z
183457378,task_update_activity,"davidyin97 rewrote task: ""Add the logic code to get the question information from UI and add the question info into the table(all memebers) - 2 hour""",davidyin97,2022-10-05T17:19:49Z
183457378,task_update_activity,"davidyin97 rewrote task: ""Create the database and the single-choice answer table(all memebers) - 1hour""",davidyin97,2022-10-05T17:19:47Z
183457378,task_update_activity,"davidyin97 rewrote task: ""Create corresponding single-choice student answer class(all memebers) - 1 hour""",davidyin97,2022-10-05T17:19:45Z
183457378,task_update_activity,"davidyin97 rewrote task: ""Create the database and the single-choice question table(all memebers) - 1 hour""",davidyin97,2022-10-05T17:19:44Z
183457378,task_update_activity,"davidyin97 rewrote task: ""Create and add question UI page(all memebers) - 2 hour""",davidyin97,2022-10-05T17:19:42Z
183457378,task_update_activity,"davidyin97 rewrote task: ""Create single-choice question class(all memebers) - 0.5 hour""",davidyin97,2022-10-05T17:19:41Z
183458847,task_update_activity,"davidyin97 rewrote task: ""Write unit tests(all memebers) - 1 hour""",davidyin97,2022-10-05T17:19:37Z
183458847,task_update_activity,"davidyin97 rewrote task: ""Add the logic code to get the question information from UI and add the question info into the table(all memebers) - 2 hour""",davidyin97,2022-10-05T17:19:35Z
183458847,task_update_activity,"davidyin97 rewrote task: ""Create the database and the schedule-compatibility answer table(all memebers) - 1hour""",davidyin97,2022-10-05T17:19:32Z
183458847,task_update_activity,"davidyin97 rewrote task: ""Create corresponding schedule-compatibility student answer class(all memebers) - 1 hour""",davidyin97,2022-10-05T17:19:31Z
183458847,task_update_activity,"davidyin97 rewrote task: ""Create the database and the schedule-compatibility question table(all memebers) - 1 hour""",davidyin97,2022-10-05T17:19:29Z
183458847,task_update_activity,"davidyin97 rewrote task: ""Create and add question UI page(all memebers) - 2 hour""",davidyin97,2022-10-05T17:19:28Z
183458847,task_update_activity,"davidyin97 rewrote task: ""Create schedule-compatibility question class(all memebers) - 0.5 hour""",davidyin97,2022-10-05T17:19:25Z
183457396,task_update_activity,"davidyin97 rewrote task: ""Write unit tests(all memebers) - 1 hour""",davidyin97,2022-10-05T17:19:19Z
183457396,task_update_activity,"davidyin97 rewrote task: ""Add the logic code to get the question information from UI and add the question info into the table(all memebers) - 2 hour""",davidyin97,2022-10-05T17:19:17Z
183457396,task_update_activity,"davidyin97 rewrote task: ""Create the database and the multiple-choice answer table(all memebers) - 1hour""",davidyin97,2022-10-05T17:19:13Z
183457396,task_update_activity,"davidyin97 rewrote task: ""Create corresponding multiple-choice student answer class(all memebers) - 1 hour""",davidyin97,2022-10-05T17:19:12Z
183457396,task_update_activity,"davidyin97 rewrote task: ""Create the database and the multiple-choice question table(all memebers) - 1 hour""",davidyin97,2022-10-05T17:19:11Z
183457396,task_update_activity,"davidyin97 rewrote task: ""Create and add question UI page(all memebers) - 2 hour""",davidyin97,2022-10-05T17:19:09Z
183457396,task_update_activity,"davidyin97 rewrote task: ""Create multiple-choice question class(all memebers) - 0.5 hour""",davidyin97,2022-10-05T17:19:08Z
183467560,task_update_activity,"davidyin97 rewrote task: ""Write unit tests(all memebers) - 1 hour""",davidyin97,2022-10-05T17:19:02Z
183467560,task_update_activity,"davidyin97 rewrote task: ""Add the logic code to get the question information from UI and add the question into the survey(all memebers) - 2 hour""",davidyin97,2022-10-05T17:19:00Z
183467560,task_update_activity,"davidyin97 rewrote task: ""Create and add adding question UI page(all memebers) - 2 hour""",davidyin97,2022-10-05T17:18:58Z
183467560,task_update_activity,"davidyin97 rewrote task: ""Modify the database and the survey table to include questions(all memebers) - 1 hour""",davidyin97,2022-10-05T17:18:56Z
183467560,task_update_activity,"davidyin97 rewrote task: ""Create survey class method of adding question(all memebers) - 0.5 hour""",davidyin97,2022-10-05T17:18:54Z
183467560,task_update_activity,"davidyin97 rewrote task: ""Create survey class method of adding question - 0.5 hour(all memebers)""",davidyin97,2022-10-05T17:18:49Z
183457378,story_update_activity,davidyin97 estimated this feature as 2 points,davidyin97,2022-10-05T17:17:47Z
183458847,story_update_activity,davidyin97 estimated this feature as 2 points,davidyin97,2022-10-05T17:17:44Z
183457396,story_update_activity,davidyin97 estimated this feature as 2 points,davidyin97,2022-10-05T17:17:41Z
183467560,story_update_activity,davidyin97 estimated this feature as 3 points,davidyin97,2022-10-05T17:17:37Z
183457378,comment_update_activity,davidyin97 edited this comment,davidyin97,2022-10-05T17:17:16Z
183458847,comment_update_activity,davidyin97 edited this comment,davidyin97,2022-10-05T17:17:06Z
183457396,comment_update_activity,davidyin97 edited this comment,davidyin97,2022-10-05T17:16:56Z
183467560,comment_create_activity,"davidyin97 added comment: ""Given the add question page is available for each survey, when the instructor selects all questions and clicks the submit button, then the question will be added to the survey and will be displayed in the survey, or an error message will be displayed. (For testing, we test the database itself if can correctly store the instructor's assigned questions)""",davidyin97,2022-10-05T17:16:19Z
183457396,comment_update_activity,davidyin97 edited this comment,davidyin97,2022-10-05T17:15:00Z
183457378,comment_update_activity,davidyin97 edited this comment,davidyin97,2022-10-05T17:14:44Z
183458847,comment_update_activity,davidyin97 edited this comment,davidyin97,2022-10-05T17:14:24Z
183458847,comment_update_activity,davidyin97 edited this comment,davidyin97,2022-10-05T17:14:13Z
183467560,comment_create_activity,"davidyin97 added comment: ""Given an add question button is available for each survey, when the instructor clicks on it, a page will be displayed to the instructor to enable the instructor to select which question to add to the survey. (UI mock-up)""",davidyin97,2022-10-05T17:12:59Z
183467560,task_create_activity,"davidyin97 added task: ""Write unit tests(all memebers) - 1 hour""",davidyin97,2022-10-05T17:11:45Z
183467560,task_create_activity,"davidyin97 added task: ""Add the logic code to get the question information from UI and add the question into the survey(all memebers) - 2 hour""",davidyin97,2022-10-05T17:11:33Z
183467560,task_update_activity,"davidyin97 rewrote task: ""Create and add adding question UI page - 2 hour""",davidyin97,2022-10-05T17:10:33Z
183467560,task_update_activity,"davidyin97 rewrote task: ""Modify the database and the survey table to include questions - 1 hour""",davidyin97,2022-10-05T17:10:06Z
183467560,task_update_activity,"davidyin97 rewrote task: ""Create survey class method of adding question - 0.5 hour""",davidyin97,2022-10-05T17:09:24Z
183467560,task_create_activity,"davidyin97 added task: ""Create and add adding question UI page(all memebers) - 2 hour""",davidyin97,2022-10-05T17:09:10Z
183457378,task_update_activity,"davidyin97 moved task: ""Create and add question UI page(all memebers) - 2 hour""",davidyin97,2022-10-05T17:08:34Z
183457378,task_create_activity,"davidyin97 added task: ""Create and add question UI page(all memebers) - 2 hour""",davidyin97,2022-10-05T17:08:32Z
183458847,task_update_activity,"davidyin97 moved task: ""Create and add question UI page(all memebers) - 2 hour""",davidyin97,2022-10-05T17:08:16Z
183458847,task_create_activity,"davidyin97 added task: ""Create and add question UI page(all memebers) - 2 hour""",davidyin97,2022-10-05T17:08:13Z
183457396,task_update_activity,"davidyin97 rewrote task: ""Create and add question UI page - 2 hour""",davidyin97,2022-10-05T17:08:05Z
183457396,task_update_activity,"davidyin97 moved task: ""Create and add question UI page(all memebers) - 2 hour""",davidyin97,2022-10-05T17:07:57Z
183457396,task_create_activity,"davidyin97 added task: ""Create and add question UI page(all memebers) - 2 hour""",davidyin97,2022-10-05T17:07:29Z
183467560,task_create_activity,"davidyin97 added task: ""Modify the database and the survey table to include questions(all memebers) - 1 hour""",davidyin97,2022-10-05T17:06:39Z
183467560,task_create_activity,"davidyin97 added task: ""Create survey class method of adding question(all memebers) - 0.5 hour""",davidyin97,2022-10-05T17:06:26Z
183457396,story_move_activity,davidyin97 moved 3 stories,davidyin97,2022-10-05T17:05:44Z
183458847,story_move_activity,davidyin97 moved 3 stories,davidyin97,2022-10-05T17:05:44Z
183457378,story_move_activity,davidyin97 moved 3 stories,davidyin97,2022-10-05T17:05:44Z
183467560,story_update_activity,davidyin97 edited this feature,davidyin97,2022-10-05T17:05:36Z
183467560,story_update_activity,davidyin97 edited this feature,davidyin97,2022-10-05T17:05:32Z
183467560,story_update_activity,davidyin97 edited this feature,davidyin97,2022-10-05T17:02:14Z
183457378,story_update_activity,davidyin97 edited this feature,davidyin97,2022-10-05T17:02:10Z
183457396,story_move_activity,davidyin97 moved 3 stories,davidyin97,2022-10-05T17:01:15Z
183458847,story_move_activity,davidyin97 moved 3 stories,davidyin97,2022-10-05T17:01:15Z
183457378,story_move_activity,davidyin97 moved 3 stories,davidyin97,2022-10-05T17:01:15Z
183458847,story_update_activity,davidyin97 edited this feature,davidyin97,2022-10-05T17:01:13Z
183457396,story_update_activity,davidyin97 edited this feature,davidyin97,2022-10-05T17:00:42Z
183467560,story_create_activity,davidyin97 added this feature,davidyin97,2022-10-05T16:59:48Z
183457378,story_update_activity,davidyin97 edited this feature,davidyin97,2022-10-05T16:59:35Z
183457378,comment_create_activity,"davidyin97 added comment: ""Given the add project page is available, when the instructor fills all fields and clicks the submit button, then the project will be added to the system and will be displayed in the question collections board, or an error message will be displayed. (For testing, we test the database itself if can correctly store the instructor's assigned question)""",davidyin97,2022-10-05T16:58:45Z
183457378,comment_create_activity,"davidyin97 added comment: ""Given an add single-choice question button is available, when the instructor clicks on it, a page will be displayed to the instructor to enable the instructor to input the question name, question description, and question available choices. (UI mock up is attached)""",davidyin97,2022-10-05T16:58:30Z
183457378,task_update_activity,"davidyin97 rewrote task: ""Create the database and the single-choice answer table - 1hour""",davidyin97,2022-10-05T16:57:34Z
183457378,task_update_activity,"davidyin97 rewrote task: ""Create corresponding single-choice student answer class - 1 hour""",davidyin97,2022-10-05T16:57:26Z
183457378,task_update_activity,"davidyin97 rewrote task: ""Create the database and the single-choice question table - 1 hour""",davidyin97,2022-10-05T16:57:22Z
183457378,task_create_activity,"davidyin97 added task: ""Write unit tests(all memebers) - 1 hour""",davidyin97,2022-10-05T16:57:16Z
183457378,task_create_activity,"davidyin97 added task: ""Add the logic code to get the question information from UI and add the question info into the table(all memebers) - 2 hour""",davidyin97,2022-10-05T16:57:07Z
183457378,task_create_activity,"davidyin97 added task: ""Create the database and the single-choice answer table(all memebers) - 1hour""",davidyin97,2022-10-05T16:57:01Z
183457378,task_create_activity,"davidyin97 added task: ""Create corresponding single-choice student answer class(all memebers) - 1 hour""",davidyin97,2022-10-05T16:56:56Z
183457378,task_create_activity,"davidyin97 added task: ""Create the database and the single-choice question table(all memebers) - 1 hour""",davidyin97,2022-10-05T16:56:51Z
183457378,task_create_activity,"davidyin97 added task: ""Create single-choice question class(all memebers) - 0.5 hour""",davidyin97,2022-10-05T16:55:56Z
183457378,story_move_activity,davidyin97 moved this story before 'Set groups',davidyin97,2022-10-05T16:54:55Z
183458847,story_move_activity,davidyin97 moved this story before 'Set groups',davidyin97,2022-10-05T16:54:53Z
183457396,story_move_activity,davidyin97 moved this story before 'Set groups',davidyin97,2022-10-05T16:54:49Z
183457378,story_move_activity,davidyin97 moved this story before 'Add multiple-choice question',davidyin97,2022-10-05T16:54:38Z
183457396,comment_create_activity,"davidyin97 added comment: ""Given the add project page is available, when the instructor fills all fields and clicks the submit button, then the project will be added to the system and will be displayed in the question collections board, or an error message will be displayed. (For testing, we test the database itself if can correctly store the instructor's assigned question)""",davidyin97,2022-10-05T16:54:19Z
183457396,comment_create_activity,"davidyin97 added comment: ""Given an add multiple-choice question button is available, when the instructor clicks on it, a page will be displayed to the instructor to enable the instructor to input the question name, question description, and question available choices. (UI mock-up)""",davidyin97,2022-10-05T16:54:02Z
183457396,task_update_activity,"davidyin97 rewrote task: ""Create the database and the multiple-choice answer table - 1hour""",davidyin97,2022-10-05T16:50:40Z
183457396,task_update_activity,"davidyin97 rewrote task: ""Create corresponding multiple-choice student answer class - 1 hour""",davidyin97,2022-10-05T16:50:35Z
183457396,task_update_activity,"davidyin97 rewrote task: ""Create the database and the multiple-choice question table - 1 hour""",davidyin97,2022-10-05T16:50:29Z
183457396,task_update_activity,"davidyin97 rewrote task: ""Create multiple-choice question class - 0.5 hour""",davidyin97,2022-10-05T16:50:24Z
183457396,task_create_activity,"davidyin97 added task: ""Write unit tests(all memebers) - 1 hour""",davidyin97,2022-10-05T16:50:17Z
183457396,task_create_activity,"davidyin97 added task: ""Add the logic code to get the question information from UI and add the question info into the table(all memebers) - 2 hour""",davidyin97,2022-10-05T16:50:09Z
183457396,task_create_activity,"davidyin97 added task: ""Create the database and the multiple-choice answer table(all memebers) - 1hour""",davidyin97,2022-10-05T16:50:04Z
183457396,task_create_activity,"davidyin97 added task: ""Create corresponding multiple-choice student answer class(all memebers) - 1 hour""",davidyin97,2022-10-05T16:50:00Z
183457396,task_create_activity,"davidyin97 added task: ""Create the database and the multiple-choice question table(all memebers) - 1 hour""",davidyin97,2022-10-05T16:49:54Z
183457396,task_create_activity,"davidyin97 added task: ""Create multiple-choice question class(all memebers) - 0.5 hour""",davidyin97,2022-10-05T16:49:53Z
183457396,story_update_activity,davidyin97 edited this feature,davidyin97,2022-10-05T16:48:13Z
183458847,comment_create_activity,"davidyin97 added comment: ""Given the add project page is available, when the instructor fills all fields and clicks the submit button, then the project will be added to the system and will be displayed in the question collections board, or an error message will be displayed. (For testing, we test the database itself if can correctly store the instructor's assigned question)""",davidyin97,2022-10-05T16:47:51Z
183458847,story_update_activity,davidyin97 edited this feature,davidyin97,2022-10-05T16:45:17Z
183458847,comment_create_activity,"davidyin97 added comment: ""Given an add schedule-compatibility question button is available, when the instructor clicks on it, a page will be displayed to the instructor to enable the instructor to input the question name, question description, and question available choices.""",davidyin97,2022-10-05T16:20:40Z
183458847,task_update_activity,"davidyin97 rewrote task: ""Create the database and the schedule-compatibility answer table - 1hour""",davidyin97,2022-10-05T16:20:39Z
183458847,task_update_activity,"davidyin97 rewrote task: ""Create corresponding schedule-compatibility student answer class - 1 hour""",davidyin97,2022-10-05T16:20:39Z
183458847,task_update_activity,"davidyin97 rewrote task: ""Create schedule-compatibility question class - 0.5 hour""",davidyin97,2022-10-05T16:20:39Z
183458847,task_update_activity,"davidyin97 rewrote task: ""Create the database and the schedule-compatibility question table - 1 hour""",davidyin97,2022-10-05T16:16:47Z
183458847,task_update_activity,"davidyin97 rewrote task: ""Add the logic code to get the question information from UI and add the question info into the table - 2 hour""",davidyin97,2022-10-05T16:15:18Z
183458847,task_update_activity,"davidyin97 moved task: ""Add the logic code to get the question information from UI and add the question info into the table(all memebers) - 2 hour""",davidyin97,2022-10-05T16:14:44Z
183458847,task_create_activity,"davidyin97 added task: ""Add the logic code to get the question information from UI and add the question info into the table(all memebers) - 2 hour""",davidyin97,2022-10-05T16:14:43Z
183458847,task_create_activity,"davidyin97 added task: ""Write unit tests(all memebers) - 1 hour""",davidyin97,2022-10-05T16:11:34Z
183458847,task_delete_activity,davidyin97 deleted a task on this story,davidyin97,2022-10-05T16:10:10Z
183458847,task_update_activity,"davidyin97 rewrote task: ""dsa""",davidyin97,2022-10-05T16:10:10Z
183458847,task_update_activity,"davidyin97 rewrote task: ""Create the database and the Schedule compatability answer table - 1hour""",davidyin97,2022-10-05T16:09:49Z
183458847,task_update_activity,"davidyin97 rewrote task: ""Create corresponding Schedule compatability student answer class - 1 hour""",davidyin97,2022-10-05T16:09:37Z
183458847,task_create_activity,"davidyin97 added task: ""Create the database and the schedule-compatibility answer table(all memebers) - 1hour""",davidyin97,2022-10-05T16:09:34Z
183458847,task_update_activity,"davidyin97 rewrote task: ""Create the database and the Schedule compatablity question table - 1 hour""",davidyin97,2022-10-05T16:09:19Z
183458847,task_update_activity,"davidyin97 rewrote task: ""Create corresponding Schedule compatability answer class - 1 hour""",davidyin97,2022-10-05T16:09:06Z
183458847,task_create_activity,"davidyin97 added task: ""Create corresponding schedule-compatibility student answer class(all memebers) - 1 hour""",davidyin97,2022-10-05T16:08:50Z
183458847,task_create_activity,"davidyin97 added task: ""Create the database and the schedule-compatibility question table(all memebers) - 1 hour""",davidyin97,2022-10-05T16:07:08Z
183458847,task_create_activity,"davidyin97 added task: ""dsa""",davidyin97,2022-10-05T16:04:46Z
183458847,task_create_activity,"davidyin97 added task: ""Create schedule-compatibility question class(all memebers) - 0.5 hour""",davidyin97,2022-10-05T16:04:18Z
183461990,task_update_activity,"Haiyang Wang rewrote task: ""Deliver the result to user's(student) phone or email - 10 (Optional)""",Haiyang Wang,2022-10-05T06:01:10Z
183461990,task_update_activity,"Haiyang Wang rewrote task: ""Correctly deliver the group information to each user's(student) account - 10h (all member)""",Haiyang Wang,2022-10-05T06:00:55Z
183461990,task_update_activity,"Haiyang Wang rewrote task: ""Let the user(professor) see the result - 10h (all member)""",Haiyang Wang,2022-10-05T06:00:34Z
183462015,story_update_activity,Haiyang Wang edited this feature,Haiyang Wang,2022-10-05T06:00:14Z
183462015,story_create_activity,Haiyang Wang added this feature,Haiyang Wang,2022-10-05T05:59:59Z
183461990,story_create_activity,Haiyang Wang added this feature,Haiyang Wang,2022-10-05T05:48:56Z
183436927,story_delete_activity,Haiyang Wang deleted this feature,Haiyang Wang,2022-10-05T05:33:27Z
183437274,story_delete_activity,Haiyang Wang deleted this feature,Haiyang Wang,2022-10-05T05:33:21Z
183457176,story_move_activity,davidyin97 moved this story before 'Add single-choice question',davidyin97,2022-10-04T20:00:48Z
183458992,story_move_activity,davidyin97 moved this story before 'Add single-choice question',davidyin97,2022-10-04T20:00:44Z
183458992,story_update_activity,davidyin97 estimated this feature as 3 points,davidyin97,2022-10-04T20:00:35Z
183458992,story_update_activity,davidyin97 estimated this feature as 2 points,davidyin97,2022-10-04T20:00:32Z
183458992,story_create_activity,davidyin97 added this feature,davidyin97,2022-10-04T20:00:22Z
183458944,story_update_activity,davidyin97 edited this feature,davidyin97,2022-10-04T19:57:38Z
183458944,story_update_activity,davidyin97 edited this feature,davidyin97,2022-10-04T19:56:30Z
183458944,story_update_activity,davidyin97 edited this feature,davidyin97,2022-10-04T19:56:14Z
183458944,story_create_activity,davidyin97 added this feature,davidyin97,2022-10-04T19:56:00Z
183436796,story_update_activity,davidyin97 edited this feature,davidyin97,2022-10-04T19:53:19Z
183436796,story_update_activity,davidyin97 edited this feature,davidyin97,2022-10-04T19:53:16Z
183436796,story_update_activity,davidyin97 edited this feature,davidyin97,2022-10-04T19:53:15Z
183436796,story_update_activity,davidyin97 edited this feature,davidyin97,2022-10-04T19:53:13Z
183457176,story_update_activity,davidyin97 edited this feature,davidyin97,2022-10-04T19:53:05Z
183457176,story_update_activity,davidyin97 edited this feature,davidyin97,2022-10-04T19:53:01Z
183457378,story_update_activity,davidyin97 edited this feature,davidyin97,2022-10-04T19:52:57Z
183457378,story_update_activity,davidyin97 edited this feature,davidyin97,2022-10-04T19:52:52Z
183457378,story_update_activity,davidyin97 edited this feature,davidyin97,2022-10-04T19:52:51Z
23893053,label_create_activity,"davidyin97 created labels: ""feat""",davidyin97,2022-10-04T19:52:51Z
183457378,story_update_activity,davidyin97 edited this feature,davidyin97,2022-10-04T19:52:50Z
183457396,story_update_activity,davidyin97 edited this feature,davidyin97,2022-10-04T19:52:45Z
183457396,story_update_activity,davidyin97 edited this feature,davidyin97,2022-10-04T19:52:43Z
183458847,story_update_activity,davidyin97 edited this feature,davidyin97,2022-10-04T19:52:36Z
23893052,label_create_activity,"davidyin97 created labels: ""feature""",davidyin97,2022-10-04T19:52:36Z
183458847,story_update_activity,davidyin97 edited this feature,davidyin97,2022-10-04T19:52:34Z
183457378,story_update_activity,davidyin97 estimated this feature as 3 points,davidyin97,2022-10-04T19:48:30Z
183457396,story_update_activity,davidyin97 estimated this feature as 3 points,davidyin97,2022-10-04T19:48:23Z
183458847,story_update_activity,davidyin97 edited this feature,davidyin97,2022-10-04T19:48:05Z
183458847,story_create_activity,davidyin97 added this feature,davidyin97,2022-10-04T19:47:27Z
183457396,story_update_activity,davidyin97 edited this feature,davidyin97,2022-10-04T17:27:02Z
183457396,story_create_activity,davidyin97 added this feature,davidyin97,2022-10-04T17:26:52Z
183457378,story_create_activity,davidyin97 added this feature,davidyin97,2022-10-04T17:25:27Z
183457176,story_create_activity,davidyin97 added this feature,davidyin97,2022-10-04T17:06:24Z
183436796,story_update_activity,davidyin97 estimated this feature as 2 points,davidyin97,2022-10-04T17:00:29Z
183451859,story_update_activity,Shawn estimated this feature as 0 points,Shawn,2022-10-04T07:58:24Z
183451859,task_update_activity,"Shawn rewrote task: ""delete the previous data (0.5hr)""",Shawn,2022-10-04T07:49:48Z
183451859,task_create_activity,"Shawn added task: ""delete the previous data (0.5hr)""",Shawn,2022-10-04T07:49:31Z
183451859,task_create_activity,"Shawn added task: ""design the data storage method of new data in database (1hr)""",Shawn,2022-10-04T07:48:19Z
183451859,task_update_activity,"Shawn rewrote task: ""create ""resubmit"" feature on backend system (2 hr)""",Shawn,2022-10-04T07:47:09Z
183451859,task_update_activity,"Shawn rewrote task: ""create ""resubmit"" button on survey (all members) (0.5)""",Shawn,2022-10-04T07:46:34Z
183451859,task_create_activity,"Shawn added task: ""create ""resubmit"" feature on backend system (2 hr)""",Shawn,2022-10-04T07:46:23Z
183451859,task_create_activity,"Shawn added task: ""create ""resubmit"" button on survey (all members) (0.5)""",Shawn,2022-10-04T07:45:43Z
183451432,comment_create_activity,"Shawn added comment: ""Given the survey webpage is present,
when I click on the option of the questions and save the choice and click the submit ,
then the data of my survey will be sent to backend database.""",Shawn,2022-10-04T07:44:27Z
183451432,comment_delete_activity,"Shawn removed comment: ""Given the survey webpage is present,
when I click on the option of the questions and save the choice and click the submit ,
then the data of my survey will be sent to backend database.""",Shawn,2022-10-04T07:44:24Z
183451432,comment_create_activity,"Shawn added comment: ""Given the survey login webpage is present,
when I click on the  ""login"" or ""sign up"" button, and login by my account number or sign up by my student email or ID ，
then the survey webpage will be open on my computer browser..""",Shawn,2022-10-04T07:44:04Z
183451432,comment_update_activity,Shawn edited this comment,Shawn,2022-10-04T07:41:11Z
183451859,story_create_activity,Shawn added this feature,Shawn,2022-10-04T07:39:14Z
183451432,task_update_activity,"Shawn rewrote task: ""According to our data type, we designed the storage method, and stored the data obtained in our survey into our database （all members) (3hr)""",Shawn,2022-10-04T07:25:01Z
183451432,task_create_activity,"Shawn added task: ""According to our data type, we designed the storage method, and stored the data obtained in our survey into our database （all members) (3hr)""",Shawn,2022-10-04T07:22:20Z
183451432,task_update_activity,"Shawn rewrote task: ""design data structure and create a database (all members) ( 3hr)""",Shawn,2022-10-04T07:15:00Z
183451432,task_update_activity,"Shawn rewrote task: ""create a survey  and create a link of it ( all members) (1 hr)""",Shawn,2022-10-04T07:14:13Z
183451432,task_update_activity,"Shawn uncompleted task: ""design data structure and create a database (all members) ( 3hr)""",Shawn,2022-10-04T07:13:11Z
183451432,task_update_activity,"Shawn completed task: ""design data structure and create a database (all members) ( 3hr)""",Shawn,2022-10-04T07:13:07Z
183451432,task_create_activity,"Shawn added task: ""design data structure and create a database (all members) ( 3hr)""",Shawn,2022-10-04T07:12:49Z
183451432,task_create_activity,"Shawn added task: ""create a survey  and create a link of it ( all members) (1 hr)""",Shawn,2022-10-04T07:12:06Z
183451432,story_create_activity,Shawn added this feature,Shawn,2022-10-04T07:08:54Z
183437274,story_update_activity,Shawn edited this feature,Shawn,2022-10-04T06:22:59Z
183370590,follower_create_activity,Shawn started following this story,Shawn,2022-10-04T06:06:55Z
183346636,follower_create_activity,Shawn started following this story,Shawn,2022-10-04T06:06:45Z
183346636,follower_delete_activity,Shawn stopped following this story,Shawn,2022-10-04T06:06:37Z
183346636,follower_create_activity,Shawn started following this story,Shawn,2022-10-04T06:06:36Z
183346636,story_update_activity,Shawn edited this feature,Shawn,2022-10-04T06:04:49Z
183370589,comment_create_activity,"yao049 added comment: ""Given a Hide/Show your Survey function is available when the students want to keep their survey a secret then they can just hide it.""",yao049,2022-10-04T04:53:10Z
183370589,comment_create_activity,"yao049 added comment: ""Given a  Hide/Show your Survey function is available when students want to show their survey to other team members then they can know each other better.""",yao049,2022-10-04T04:50:44Z
183370589,task_create_activity,"yao049 added task: ""Test UI functions - 0.5 hrs""",yao049,2022-10-04T04:48:36Z
183370589,task_create_activity,"yao049 added task: ""Build UI page- 1 hr""",yao049,2022-10-04T04:48:35Z
183370589,task_create_activity,"yao049 added task: ""Build unit tests and REST API test - 1 hr""",yao049,2022-10-04T04:48:27Z
183370589,task_create_activity,"yao049 added task: ""Build a DAO layer and set up database - 0.5 hrs""",yao049,2022-10-04T04:48:15Z
183370589,task_create_activity,"yao049 added task: ""Build controller layer to connect front and backend - 1 hr""",yao049,2022-10-04T04:48:10Z
183370589,task_create_activity,"yao049 added task: ""Creat a Service Interface and Classes - 0.5 hrs""",yao049,2022-10-04T04:48:09Z
183370590,comment_create_activity,"yao049 added comment: ""Given the Friend Selector is available when the students can make their own team then Professor can consider what's the best team for them""",yao049,2022-10-04T04:44:14Z
183370590,comment_create_activity,"yao049 added comment: ""Given the Friend Selector function is available when students wants to be in the same team with their friends then they can click the button to let professor know that""",yao049,2022-10-04T04:42:24Z
183370590,task_create_activity,"yao049 added task: ""Test UI functions- 0.5 hrs""",yao049,2022-10-04T04:40:57Z
183370590,task_create_activity,"yao049 added task: ""Build UI page- 1 hr""",yao049,2022-10-04T04:40:55Z
183370590,task_create_activity,"yao049 added task: ""Build unit tests and REST API test- 0.5 hrs""",yao049,2022-10-04T04:40:48Z
183370590,task_create_activity,"yao049 added task: ""Build a DAO layer and set up database- 1 hrs""",yao049,2022-10-04T04:40:42Z
183370590,task_create_activity,"yao049 added task: ""Build controller layer to connect front and backend- 1 hrs""",yao049,2022-10-04T04:40:33Z
183370590,task_create_activity,"yao049 added task: ""Creat a Service Interface and Classes - 0.5 hrs""",yao049,2022-10-04T04:40:26Z
183366427,task_update_activity,"yao049 rewrote task: ""Build controller layer to connect front and backend- 1 hrs""",yao049,2022-10-04T04:28:51Z
183366427,task_update_activity,"yao049 rewrote task: ""Build a DAO layer and set up database- 1 hrs""",yao049,2022-10-04T04:28:43Z
183366427,task_update_activity,"yao049 rewrote task: ""Build UI page- 1 hr""",yao049,2022-10-04T04:28:38Z
183366427,task_update_activity,"yao049 rewrote task: ""Test UI functions- 0.5 hrs""",yao049,2022-10-04T04:28:31Z
183366427,task_update_activity,"yao049 rewrote task: ""Build UI page- 0.5 hrs""",yao049,2022-10-04T04:28:30Z
183366427,task_update_activity,"yao049 rewrote task: ""Build unit tests and REST API test- 0.5 hrs""",yao049,2022-10-04T04:28:29Z
183366427,task_update_activity,"yao049 rewrote task: ""Build a DAO layer and set up database- 0.5 hrs""",yao049,2022-10-04T04:28:27Z
183366427,task_update_activity,"yao049 rewrote task: ""Build controller layer to connect front and backend- 0.5 hrs""",yao049,2022-10-04T04:28:24Z
183366427,task_update_activity,"yao049 rewrote task: ""Build business logic service layer- 0.5 hrs""",yao049,2022-10-04T04:28:22Z
183366427,task_update_activity,"yao049 rewrote task: ""Creat a Service Interface and Classes - 0.5 hrs""",yao049,2022-10-04T04:28:19Z
183366568,task_update_activity,"yao049 rewrote task: ""Test UI functions - 0.5 hrs""",yao049,2022-10-04T04:28:06Z
183366568,task_update_activity,"yao049 rewrote task: ""Build UI page- 1 hr""",yao049,2022-10-04T04:27:58Z
183366568,task_update_activity,"yao049 rewrote task: ""Build unit tests and REST API test - 1 hr""",yao049,2022-10-04T04:27:51Z
183366568,task_update_activity,"yao049 rewrote task: ""Build controller layer to connect front and backend - 1 hr""",yao049,2022-10-04T04:27:49Z
183366568,task_update_activity,"yao049 rewrote task: ""Build unit tests and REST API test - 1 hrs""",yao049,2022-10-04T04:27:46Z
183366568,task_update_activity,"yao049 rewrote task: ""Build a DAO layer and set up database - 0.5 hrs""",yao049,2022-10-04T04:27:34Z
183366568,task_update_activity,"yao049 rewrote task: ""Build controller layer to connect front and backend - 1 hrs""",yao049,2022-10-04T04:27:31Z
183366568,task_update_activity,"yao049 rewrote task: ""Build business logic service layer - 0.5 hrs""",yao049,2022-10-04T04:27:24Z
183366568,task_update_activity,"yao049 rewrote task: ""Creat a Service Interface and Classes - 0.5 hrs""",yao049,2022-10-04T04:27:21Z
183437274,story_move_activity,Shawn moved this story before 'Copy of - Removing student from the class',Shawn,2022-10-04T00:49:09Z
183437274,story_update_activity,Shawn unstarted this feature,Shawn,2022-10-04T00:48:53Z
183437274,story_update_activity,Shawn started this feature,Shawn,2022-10-04T00:48:50Z
183437274,story_update_activity,Shawn delivered this feature,Shawn,2022-10-04T00:48:15Z
183437274,story_update_activity,Shawn finished this feature,Shawn,2022-10-04T00:48:05Z
183437274,story_update_activity,Shawn started this feature,Shawn,2022-10-04T00:48:03Z
2599395,project_membership_update_activity,Shawn updated their profile,Shawn,2022-10-04T00:38:26Z
2599395,project_membership_update_activity,Shawn updated their profile,Shawn,2022-10-04T00:38:20Z
6364451,review_type_create_activity,Shawn created a custom review type: Team Leader,Shawn,2022-10-04T00:34:28Z
183437274,review_create_activity,Shawn created a review: Design,Shawn,2022-10-04T00:33:48Z
183437274,review_create_activity,Shawn created a review: Test (QA),Shawn,2022-10-04T00:33:47Z
183437274,story_update_activity,Shawn unstarted this feature,Shawn,2022-10-04T00:22:28Z
183437274,story_update_activity,Shawn started this feature,Shawn,2022-10-04T00:20:47Z
183346636,story_update_activity,Shawn estimated this feature as 3 points,Shawn,2022-10-04T00:11:09Z
183346636,story_update_activity,Shawn unestimated this feature,Shawn,2022-10-04T00:11:06Z
183346636,story_update_activity,Shawn estimated this feature as 3 points,Shawn,2022-10-04T00:10:57Z
183437274,comment_create_activity,"Haiyang Wang added comment: ""Given that the extreme situations are considered already, when we input some data outside normal condition, then we can avoid crash caused by something like input of negative values.""",Haiyang Wang,2022-10-03T01:32:18Z
183437274,comment_create_activity,"Haiyang Wang added comment: ""Given that the stupid problems are fixed, when we use some appropriate unit tests, then we are able to avoid sudden shut down or make sure our code is working.""",Haiyang Wang,2022-10-03T01:28:46Z
183437274,task_create_activity,"Haiyang Wang added task: ""Test extreme situations - 5 ~ 10""",Haiyang Wang,2022-10-03T01:26:44Z
183437274,task_update_activity,"Haiyang Wang rewrote task: ""Test stupid problems - 5 ~ 10 h""",Haiyang Wang,2022-10-03T01:26:28Z
183437274,task_update_activity,"Haiyang Wang rewrote task: ""Think about what should we test first - 3 ~ 5 h""",Haiyang Wang,2022-10-03T01:26:13Z
183437274,task_create_activity,"Haiyang Wang added task: ""Test stupid problems - 5 ~ 10 h""",Haiyang Wang,2022-10-03T01:26:10Z
183437274,task_update_activity,"Haiyang Wang rewrote task: ""Think about what should we test first - 3 ~ 10 h""",Haiyang Wang,2022-10-03T01:25:48Z
183437274,task_create_activity,"Haiyang Wang added task: ""Think about what should we test first - 3 ~ 5 h""",Haiyang Wang,2022-10-03T01:24:45Z
183437274,story_update_activity,Haiyang Wang edited this feature,Haiyang Wang,2022-10-03T01:23:48Z
183437274,story_update_activity,Haiyang Wang edited this feature,Haiyang Wang,2022-10-03T01:23:39Z
183437274,story_update_activity,Haiyang Wang estimated this feature as 1 point,Haiyang Wang,2022-10-03T01:22:33Z
183437274,story_update_activity,Haiyang Wang edited this feature,Haiyang Wang,2022-10-03T01:22:31Z
183437274,story_create_activity,Haiyang Wang added this feature,Haiyang Wang,2022-10-03T01:22:17Z
183437250,story_create_activity,s1a1d1f1 added this feature,s1a1d1f1,2022-10-03T01:16:59Z
183437249,story_create_activity,s1a1d1f1 added this feature,s1a1d1f1,2022-10-03T01:16:52Z
183437243,story_update_activity,s1a1d1f1 estimated this feature as 2 points,s1a1d1f1,2022-10-03T01:15:30Z
183437243,story_update_activity,s1a1d1f1 edited this feature,s1a1d1f1,2022-10-03T01:15:29Z
183437243,story_create_activity,s1a1d1f1 added this feature,s1a1d1f1,2022-10-03T01:15:11Z
183437229,comment_update_activity,s1a1d1f1 edited this comment,s1a1d1f1,2022-10-03T01:13:33Z
183437229,comment_update_activity,s1a1d1f1 edited this comment,s1a1d1f1,2022-10-03T01:12:04Z
183437229,story_update_activity,s1a1d1f1 edited this feature,s1a1d1f1,2022-10-03T01:09:21Z
183437229,story_update_activity,s1a1d1f1 estimated this feature as 2 points,s1a1d1f1,2022-10-03T01:09:07Z
183437229,story_create_activity,s1a1d1f1 added this feature,s1a1d1f1,2022-10-03T01:07:57Z
183436927,comment_create_activity,"Haiyang Wang added comment: ""Given some proper integration tests, when we use these tests, we can figure out whether or not our code can work together parts by parts.""",Haiyang Wang,2022-10-02T23:50:59Z
183436927,comment_update_activity,Haiyang Wang edited this comment,Haiyang Wang,2022-10-02T23:50:17Z
183436927,comment_create_activity,"Haiyang Wang added comment: ""Given some proper unit tests, when we use these test, then we can eliminate some stupid problems and some problems that only exist in extreme situation.""",Haiyang Wang,2022-10-02T23:49:38Z
183436927,story_update_activity,Haiyang Wang edited this feature,Haiyang Wang,2022-10-02T23:47:51Z
183436927,task_create_activity,"Haiyang Wang added task: ""SYSTEM TEST - 10 ~ 20 h""",Haiyang Wang,2022-10-02T23:47:41Z
183436927,task_create_activity,"Haiyang Wang added task: ""INTEGRATION TEST - 10 ~ 20 h""",Haiyang Wang,2022-10-02T23:47:22Z
183436927,task_create_activity,"Haiyang Wang added task: ""UNIT TEST - 10 ~ 20 h""",Haiyang Wang,2022-10-02T23:47:04Z
183436927,story_update_activity,Haiyang Wang estimated this feature as 3 points,Haiyang Wang,2022-10-02T23:46:10Z
183436927,story_update_activity,Haiyang Wang edited this feature,Haiyang Wang,2022-10-02T23:46:03Z
183436927,story_update_activity,Haiyang Wang edited this feature,Haiyang Wang,2022-10-02T23:45:19Z
183436927,story_create_activity,Haiyang Wang added this feature,Haiyang Wang,2022-10-02T23:45:04Z
183436895,story_delete_activity,Haiyang Wang deleted this feature,Haiyang Wang,2022-10-02T23:24:35Z
183436895,story_create_activity,Haiyang Wang added this feature,Haiyang Wang,2022-10-02T23:24:17Z
183366568,story_update_activity,Haiyang Wang unstarted this feature,Haiyang Wang,2022-10-02T23:22:33Z
183366568,story_update_activity,Haiyang Wang finished this feature,Haiyang Wang,2022-10-02T23:22:25Z
183366568,story_update_activity,Haiyang Wang started this feature,Haiyang Wang,2022-10-02T23:22:23Z
183436796,story_create_activity,davidyin97 added this feature,davidyin97,2022-10-02T21:43:45Z
183410549,story_delete_activity,davidyin97 deleted this feature,davidyin97,2022-10-02T21:36:38Z
,project_membership_create_activity,Yuting Zhang added new members: Ruotong Wang,Yuting Zhang,2022-09-30T16:49:57Z
183366568,story_move_activity,s1a1d1f1 moved this story before 'Group Customization',s1a1d1f1,2022-09-30T04:09:52Z
183366568,story_update_activity,s1a1d1f1 unstarted this feature,s1a1d1f1,2022-09-30T04:09:11Z
183366568,story_update_activity,s1a1d1f1 accepted this feature,s1a1d1f1,2022-09-30T04:08:21Z
183366568,story_update_activity,s1a1d1f1 delivered this feature,s1a1d1f1,2022-09-30T04:08:16Z
183366568,story_update_activity,s1a1d1f1 finished this feature,s1a1d1f1,2022-09-30T04:08:15Z
183366568,story_update_activity,s1a1d1f1 started this feature,s1a1d1f1,2022-09-30T04:08:13Z
183410549,story_create_activity,davidyin97 added this feature,davidyin97,2022-09-28T22:28:35Z
2599395,project_membership_update_activity,davidyin97 updated their profile,davidyin97,2022-09-28T22:23:04Z
23879507,label_update_activity,yao049 renamed label from 'nice to have' to 'optional',yao049,2022-09-25T00:34:22Z
183370590,story_create_activity,yao049 added this feature,yao049,2022-09-25T00:33:37Z
183370589,story_create_activity,yao049 added this feature,yao049,2022-09-25T00:31:40Z
23879507,label_create_activity,"yao049 created labels: ""optional""",yao049,2022-09-25T00:31:19Z
183366427,comment_create_activity,"yao049 added comment: ""Given the algorithm for this app is available  when Professor wants to make a balanced team then Professor can submit all the data and let the app to do so""",yao049,2022-09-24T16:43:49Z
183366427,comment_create_activity,"yao049 added comment: ""Given the assigned team member button is available when Professor wants to assign a student to the specific team then Professor can click the button to do so""",yao049,2022-09-24T16:40:17Z
183366568,comment_create_activity,"yao049 added comment: ""Given the submit function is available when students want to submit their Survey then the can click the submit bottom to do so.""",yao049,2022-09-24T16:36:42Z
183366568,comment_update_activity,yao049 edited this comment,yao049,2022-09-24T16:35:35Z
183366568,comment_update_activity,yao049 edited this comment,yao049,2022-09-24T16:33:45Z
183366568,comment_create_activity,"yao049 added comment: ""Given a Fill-up Survey function is available when Professor want to creat a balence team for every student then Professor can have enough infomation for every students""",yao049,2022-09-24T16:31:45Z
183366427,task_create_activity,"yao049 added task: ""Test UI functions- 0.5 hrs""",yao049,2022-09-23T20:45:44Z
183366427,task_create_activity,"yao049 added task: ""Build UI page- 1 hr""",yao049,2022-09-23T20:45:33Z
183366427,task_create_activity,"yao049 added task: ""Build unit tests and REST API test- 0.5 hrs""",yao049,2022-09-23T20:45:07Z
183366427,task_create_activity,"yao049 added task: ""Build a DAO layer and set up database- 1 hrs""",yao049,2022-09-23T20:44:59Z
183366427,task_create_activity,"yao049 added task: ""Build controller layer to connect front and backend- 1 hrs""",yao049,2022-09-23T20:44:49Z
183366427,task_create_activity,"yao049 added task: ""Build business logic service layer- 0.5 hrs""",yao049,2022-09-23T20:44:38Z
183366427,task_create_activity,"yao049 added task: ""Creat a Service Interface and Classes - 0.5 hrs""",yao049,2022-09-23T20:44:29Z
183366568,task_create_activity,"yao049 added task: ""Test UI functions - 0.5 hrs""",yao049,2022-09-23T20:44:05Z
183366568,task_create_activity,"yao049 added task: ""Build UI page- 1 hr""",yao049,2022-09-23T20:43:49Z
183366568,task_update_activity,"yao049 rewrote task: ""Build business logic service layer""",yao049,2022-09-23T20:43:22Z
183366568,task_create_activity,"yao049 added task: ""Build unit tests and REST API test - 1 hr""",yao049,2022-09-23T20:42:08Z
183366568,task_update_activity,"yao049 rewrote task: ""Build a DAO layer and set up database""",yao049,2022-09-23T20:42:05Z
183366568,task_update_activity,"yao049 uncompleted task: ""Build a DAO layer and set up database - 0.5 hrs""",yao049,2022-09-23T20:41:31Z
183366568,task_update_activity,"yao049 completed task: ""Build a DAO layer and set up database - 0.5 hrs""",yao049,2022-09-23T20:41:30Z
183366568,task_update_activity,"yao049 uncompleted task: ""Build a DAO layer and set up database - 0.5 hrs""",yao049,2022-09-23T20:41:25Z
183366568,task_update_activity,"yao049 completed task: ""Build a DAO layer and set up database - 0.5 hrs""",yao049,2022-09-23T20:41:25Z
183366568,task_create_activity,"yao049 added task: ""Build a DAO layer and set up database - 0.5 hrs""",yao049,2022-09-23T20:40:57Z
183366568,task_create_activity,"yao049 added task: ""Build controller layer to connect front and backend - 1 hr""",yao049,2022-09-23T20:37:47Z
183366568,task_create_activity,"yao049 added task: ""Build business logic service layer - 0.5 hrs""",yao049,2022-09-23T20:37:13Z
183366568,task_create_activity,"yao049 added task: ""Creat a Service Interface and Classes - 0.5 hrs""",yao049,2022-09-23T20:36:01Z
183366568,story_create_activity,yao049 added this feature,yao049,2022-09-23T20:32:49Z
183366427,story_update_activity,yao049 edited this feature,yao049,2022-09-23T20:29:31Z
183366427,story_create_activity,yao049 added this feature,yao049,2022-09-23T20:14:59Z
183346636,story_update_activity,Yuting Zhang edited this feature,Yuting Zhang,2022-09-22T03:49:22Z
183346636,story_update_activity,Yuting Zhang edited this feature,Yuting Zhang,2022-09-22T03:44:05Z
183346636,story_update_activity,Yuting Zhang edited this feature,Yuting Zhang,2022-09-22T03:44:02Z
183346636,story_update_activity,Yuting Zhang edited this feature,Yuting Zhang,2022-09-22T03:43:22Z
183346636,story_move_activity,Yuting Zhang moved this story,Yuting Zhang,2022-09-22T03:41:53Z
183346636,story_move_activity,Yuting Zhang moved and scheduled this story,Yuting Zhang,2022-09-22T00:26:49Z
2599395,project_membership_update_activity,Shawn updated their profile,Shawn,2022-09-22T00:26:24Z
183346636,story_move_activity,Yuting Zhang moved this story,Yuting Zhang,2022-09-22T00:26:17Z
183346636,comment_create_activity,"Yuting Zhang added comment: ""what info should a project include?
""",Yuting Zhang,2022-09-22T00:25:48Z
183346636,story_update_activity,Yuting Zhang edited this feature,Yuting Zhang,2022-09-22T00:23:11Z
23874932,label_create_activity,"Yuting Zhang created labels: ""project management""",Yuting Zhang,2022-09-22T00:23:10Z
183346636,story_update_activity,Yuting Zhang edited this feature,Yuting Zhang,2022-09-22T00:23:02Z
23874931,label_create_activity,"Yuting Zhang created labels: ""essential""",Yuting Zhang,2022-09-22T00:23:02Z
183346636,story_create_activity,Yuting Zhang added this feature,Yuting Zhang,2022-09-22T00:21:23Z
2599395,project_membership_update_activity,Shawn updated their profile,Shawn,2022-09-21T21:17:24Z
2599395,project_membership_update_activity,Haiyang Wang updated their profile,Haiyang Wang,2022-09-21T20:40:26Z
,project_membership_create_activity,"Yuting Zhang added new members: Shawn, s1a1d1f1, yao049, davidyin97, Haiyang Wang",Yuting Zhang,2022-09-21T20:38:47Z
,project_membership_create_activity,"Yuting Zhang added new members: Shawn, s1a1d1f1, yao049, davidyin97, Haiyang Wang",Yuting Zhang,2022-09-21T20:38:47Z
,project_membership_create_activity,"Yuting Zhang added new members: Shawn, s1a1d1f1, yao049, davidyin97, Haiyang Wang",Yuting Zhang,2022-09-21T20:38:47Z
,project_membership_create_activity,"Yuting Zhang added new members: Shawn, s1a1d1f1, yao049, davidyin97, Haiyang Wang",Yuting Zhang,2022-09-21T20:38:47Z
,project_membership_create_activity,"Yuting Zhang added new members: Shawn, s1a1d1f1, yao049, davidyin97, Haiyang Wang",Yuting Zhang,2022-09-21T20:38:47Z
